Datetime,Water Level (m)
2026-01-02 00:00:00,-0.28804052
2026-01-02 01:00:00,-0.45342696
2026-01-02 02:00:00,-0.590416
2026-01-02 03:00:00,-0.6840187
2026-01-02 04:00:00,-0.5587854
2026-01-02 05:00:00,-0.17767937
2026-01-02 06:00:00,0.1676977
2026-01-02 07:00:00,0.38440332
2026-01-02 08:00:00,0.39413324
2026-01-02 09:00:00,0.16553651
2026-01-02 10:00:00,-0.10183452
2026-01-02 11:00:00,-0.31125066
2026-01-02 12:00:00,-0.48316032
2026-01-02 13:00:00,-0.626224
2026-01-02 14:00:00,-0.7450336
2026-01-02 15:00:00,-0.8243269
2026-01-02 16:00:00,-0.64356637
2026-01-02 17:00:00,-0.20597747
2026-01-02 18:00:00,0.23506756
2026-01-02 19:00:00,0.5934721
2026-01-02 20:00:00,0.7830715
2026-01-02 21:00:00,0.69675875
2026-01-02 22:00:00,0.3719747
2026-01-02 23:00:00,0.07212649
2026-01-03 00:00:00,-0.15556876
2026-01-03 01:00:00,-0.3399786
2026-01-03 02:00:00,-0.50084966
2026-01-03 03:00:00,-0.63666224
2026-01-03 04:00:00,-0.7324781
2026-01-03 05:00:00,-0.59274167
2026-01-03 06:00:00,-0.16378799
2026-01-03 07:00:00,0.21427047
2026-01-03 08:00:00,0.4369231
2026-01-03 09:00:00,0.41406414
2026-01-03 10:00:00,0.1472243
2026-01-03 11:00:00,-0.12407539
2026-01-03 12:00:00,-0.3308943
2026-01-03 13:00:00,-0.5000304
2026-01-03 14:00:00,-0.64085186
2026-01-03 15:00:00,-0.75732744
2026-01-03 16:00:00,-0.8270061
2026-01-03 17:00:00,-0.60184926
2026-01-03 18:00:00,-0.13747214
2026-01-03 19:00:00,0.3272774
2026-01-03 20:00:00,0.6982392
2026-01-03 21:00:00,0.8629341
2026-01-03 22:00:00,0.6877878
2026-01-03 23:00:00,0.32623982
2026-01-04 00:00:00,0.03520859
2026-01-04 01:00:00,-0.185261
2026-01-04 02:00:00,-0.3672555
2026-01-04 03:00:00,-0.52619964
2026-01-04 04:00:00,-0.6578445
2026-01-04 05:00:00,-0.7412802
2026-01-04 06:00:00,-0.52012736
2026-01-04 07:00:00,-0.07793159
2026-01-04 08:00:00,0.28941235
2026-01-04 09:00:00,0.48025078
2026-01-04 10:00:00,0.393082
2026-01-04 11:00:00,0.10055541
2026-01-04 12:00:00,-0.15904596
2026-01-04 13:00:00,-0.35831082
2026-01-04 14:00:00,-0.5225232
2026-01-04 15:00:00,-0.65963
2026-01-04 16:00:00,-0.7737257
2026-01-04 17:00:00,-0.8224304
2026-01-04 18:00:00,-0.5242645
2026-01-04 19:00:00,-0.041759834
2026-01-04 20:00:00,0.42103103
2026-01-04 21:00:00,0.759958
2026-01-04 22:00:00,0.83482414
2026-01-04 23:00:00,0.5654275
2026-01-05 00:00:00,0.21429248
2026-01-05 01:00:00,-0.049161755
2026-01-05 02:00:00,-0.25308812
2026-01-05 03:00:00,-0.42745325
2026-01-05 04:00:00,-0.57756436
2026-01-05 05:00:00,-0.7009336
2026-01-05 06:00:00,-0.74933445
2026-01-05 07:00:00,-0.43379855
2026-01-05 08:00:00,0.00973779
2026-01-05 09:00:00,0.34780058
2026-01-05 10:00:00,0.4810891
2026-01-05 11:00:00,0.321665
2026-01-05 12:00:00,0.027126946
2026-01-05 13:00:00,-0.21265137
2026-01-05 14:00:00,-0.4009944
2026-01-05 15:00:00,-0.55687684
2026-01-05 16:00:00,-0.68758935
2026-01-05 17:00:00,-0.79514134
2026-01-05 18:00:00,-0.79808056
2026-01-05 19:00:00,-0.4317217
2026-01-05 20:00:00,0.051301226
2026-01-05 21:00:00,0.4835592
2026-01-05 22:00:00,0.7525008
2026-01-05 23:00:00,0.7183816
2026-01-06 00:00:00,0.39310196
2026-01-06 01:00:00,0.07611146
2026-01-06 02:00:00,-0.16019236
2026-01-06 03:00:00,-0.3495159
2026-01-06 04:00:00,-0.51394105
2026-01-06 05:00:00,-0.6529837
2026-01-06 06:00:00,-0.761668
2026-01-06 07:00:00,-0.7322201
2026-01-06 08:00:00,-0.3366595
2026-01-06 09:00:00,0.07941766
2026-01-06 10:00:00,0.37197134
2026-01-06 11:00:00,0.44510162
2026-01-06 12:00:00,0.24031225
2026-01-06 13:00:00,-0.044308882
2026-01-06 14:00:00,-0.26715928
2026-01-06 15:00:00,-0.4452801
2026-01-06 16:00:00,-0.593057
2026-01-06 17:00:00,-0.71760434
2026-01-06 18:00:00,-0.81012666
2026-01-06 19:00:00,-0.7041557
2026-01-06 20:00:00,-0.2750375
2026-01-06 21:00:00,0.182447
2026-01-06 22:00:00,0.54516274
2026-01-06 23:00:00,0.69508505
2026-01-07 00:00:00,0.5290224
2026-01-07 01:00:00,0.19673033
2026-01-07 02:00:00,-0.07341863
2026-01-07 03:00:00,-0.27875373
2026-01-07 04:00:00,-0.45166114
2026-01-07 05:00:00,-0.6004093
2026-01-07 06:00:00,-0.7228199
2026-01-07 07:00:00,-0.80345315
2026-01-07 08:00:00,-0.62546164
2026-01-07 09:00:00,-0.2062768
2026-01-07 10:00:00,0.1638047
2026-01-07 11:00:00,0.38828546
2026-01-07 12:00:00,0.38298774
2026-01-07 13:00:00,0.14169446
2026-01-07 14:00:00,-0.121999025
2026-01-07 15:00:00,-0.32530943
2026-01-07 16:00:00,-0.49163842
2026-01-07 17:00:00,-0.6288913
2026-01-07 18:00:00,-0.73977506
2026-01-07 19:00:00,-0.79051757
2026-01-07 20:00:00,-0.52811205
2026-01-07 21:00:00,-0.09734946
2026-01-07 22:00:00,0.29947436
2026-01-07 23:00:00,0.5609777
2026-01-08 00:00:00,0.5828016
